iterationName	gameid	time	trialNum	intendedName	svgData	currStrokeNum	shiftKeyUsed	score	eventType
testing	8962-8572b90c-ba30-48d4-b0df-941dd0c67cf4	1506046202726	1	knob	M106,169c-1.57477,0 1.01514,2 20,2c12.66667,0 25.65771,2.84822 38,0c33.84254,-7.80982 40.67971,-65.96087 32,-92c-12.48767,-37.46301 -102.53773,-25.22956 -85,4c14.42197,24.03661 155.56199,94.54424 40,103c-9.30845,0.68111 -19.65201,4.17399 -28,0c-5.39763,-2.69882 -5.16152,-12.31156 -2,-16c17.23687,-20.10968 42.47653,-36.32468 63,-53c6.95141,-5.64802 10.04331,-19 19,-19c2.02759,0 -0.78774,3.98355 -1,6c-0.52459,4.98357 -0.66667,10 -1,15	1	0	0	stroke
