iterationName	gameid	time	trialNum	intendedName	svgData	currStrokeNum	shiftKeyUsed	score	eventType
testing	8273-90b8865b-d397-4958-b1f6-892473e769b2	1506046445087	1	bluesport	M235,122c0,1.76673 -0.37361,-3.45921 -2,-5c-5.48616,-5.19742 -11.27157,-10.07088 -17,-15c-8.60564,-7.40485 -16.72503,-15.45296 -26,-22c-29.30626,-20.68677 -61.74613,-26.42921 -97,-25c-14.53124,0.5891 -44.17453,1.50713 -45,11c-2.51261,28.89506 81.83799,53.01047 92,59c17.75295,10.46366 105.76303,54.88863 94,99c-4.63739,17.39021 -64.5458,33.78581 -74,26c-8.42862,-6.94122 -13.35476,-17.70755 -17,-28c-5.28316,-14.91716 4.10668,-32.85649 12,-44c6.46298,-9.12421 90.13396,-78.07935 19,-66c-27.95628,4.74729 -74.51848,41.94656 -50,76c5.52492,7.6735 48.14017,26.37076 54,14c2.28313,-4.81994 1.02406,-10.76591 0,-16c-6.5582,-33.5197 -22.46716,-48.98345 -57,-57c-40.02379,-9.29124 -70.54833,41.0756 -64,76c2.9359,15.65814 16.68289,28.69262 25,42	1	0	0	stroke
testing	8273-90b8865b-d397-4958-b1f6-892473e769b2	1506046474901	2	tomtit	M148,126c-21.64348,-21.64348 -117,-21.82445 -117,21c0,5 -2.05793,10.44315 0,15c15.867,35.13407 80.1207,53.74484 107,86	1	0	0	stroke
testing	8273-90b8865b-d397-4958-b1f6-892473e769b2	1506046475489	2	tomtit	M148,199c12.58067,-22.01616 33.85883,-21.23922 53,-34	2	0	0	stroke
