iterationName	gameid	time	trialNum	intendedName	svgData	currStrokeNum	shiftKeyUsed	score	eventType
testing	1771-84517646-dbb8-4f15-ada7-bb7b1a9ad6fd	1506374686475	1	weimaraner	M199,149c8.51856,2.83952 0.87203,-17.82276 0,-19c-14.49192,-19.5641 -93.16764,-53.10786 -104,-17c-10.71919,35.73065 105.43711,80.19458 124,115c4.24892,7.96672 -8.89434,7.45651 -12,8c-16.95219,2.96663 -64.18971,14.53954 -75,-6c-15.14174,-28.7693 35.5342,-60.5342 53,-78	1	0	0	stroke
