iterationName	gameid	time	trialNum	intendedName	svgData	currStrokeNum	shiftKeyUsed	score	eventType
pilot1	8143-d537f6c4-893f-42d7-8477-11c6cb23e685	1506375280929	1	brown	M72,105c0,-34.38026 -45.19521,-45.25291 -22,-8c20.52221,32.95992 53.02157,58.16679 71,93c0.62098,1.20315 15.81025,35.72992 12,37c-17.25667,5.75222 -24.14588,-11.8372 -22,-26c4.21751,-27.83553 54.14236,-84.00029 13,-108c-10.08473,-5.88276 -0.28367,10.2063 4,13c11.36533,7.41217 23.64746,13.38521 36,19c13.81972,6.28169 29.01935,9.08511 43,15c4.53264,1.91766 8.51188,4.98035 13,7c2.315,1.04175 7,0.46141 7,3	1	0	0	stroke
pilot1	8143-d537f6c4-893f-42d7-8477-11c6cb23e685	1506375290826	2	bluesedan	M187,146c0,-7.33333 3.48712,-15.54882 0,-22c-16.75802,-31.00233 -47.49681,-46.42283 -81,-49c-10.42098,-0.80161 -27.89417,-3.91361 -33,8c-10.0791,23.5179 18.48981,37.0766 33,48c42.99603,32.3678 102.31837,57.11287 138,99c25.07838,29.43983 -44.12974,37.91963 -52,29c-10.77442,-12.21101 -9.99437,-25.29435 -8,-41c8.58149,-67.57921 41.48335,-89.81917 102,-111	1	0	0	stroke
