iterationName	gameid	time	trialNum	currStrokeNum	intendedName	condition	family	intendedMember	shapenet_id	shiftKeyUsed	svg	eventType
pilot1	8755-e34e5336-2537-4b43-a493-b3095ec1e0f0	1502205479558	1	1	far_107_a_f112035c6413080a664b3b9b23ddfcbc	far	107	a	f112035c6413080a664b3b9b23ddfcbc.png	0	M205.5,111.3125c-5.94897,-11.89795 -90.60165,-6.8039 -104,-6c-4.84432,0.29066 -31.21511,3.07557 -33,12c-4.21028,21.05142 33.98479,26.32348 52,38c35.80495,23.20691 71.20207,47.54922 103,76c6.36778,5.69749 43.66626,45.76196 28,48c-68.46938,9.78134 -65.1926,-80.59522 -52,-123c1.42864,-4.59205 14.24571,-48 18,-48	stroke
